Chrom1	start1	End1	Strand1	Chrom2	Start2	End2
chr3	25802405	25802858	+	chr22	36811461	36812184
chr10	128580463	128581087	+	chr18	25212086	25212571
chr10	128580173	128580776	-	chr18	25211592	25212062
chr5	5806364	5806365	-	chr17	22054142	22054143
chr1	54291134	54291135	+	chr7	40156522	40156523
chr4	161841333	161841337	-	chr9	111567129	111567133
chr4	161841031	161841749	+	chr9	111567187	111567815
chr4	36916932	36916935	-	chr9	111565862	111565865
chr4	36916714	36917300	+	chr9	111565975	111566435
chr9	111566649	111566650	-	chr11	84948588	84948589
chr9	111567040	111567747	+	chr11	84948148	84948905
chr2	6564209	6564211	-	chr5	29184213	29184215
chr2	6560363	6560958	+	chr5	29183820	29184593
chr5	4806014	4806937	+	chr8	119089905	119090427
chr5	4806211	4806888	-	chr8	119089335	119089863
chr8	119089909	119090419	+	chr15	22789897	22790535
chr8	119089383	119089881	-	chr15	22789830	22790524
chr8	119089917	119090401	+	chr9	8406909	8407623
chr8	119089360	119089873	-	chr9	8407116	8407787
chr2	82773290	82774084	+	chr12	96912056	96912586
chr2	82773260	82773979	-	chr12	96911552	96912025
chr10	111190216	111190217	-	chr12	96912009	96912010
chr10	111189956	111190534	+	chr12	96911537	96911936
chr2	126657428	126658197	-	chr7	30484908	30485380
chr2	126657428	126658197	-	chr7	30484908	30485380
chr3	103681786	103681792	-	chr7	30484898	30484904
chr3	103681786	103681792	-	chr7	30484898	30484904
chr3	103681780	103681783	+	chr7	30484782	30484785
chr4	85392345	85392899	-	chr6	29862443	29862904
chr4	85392404	85393069	+	chr6	29863001	29863425
chr17	11558717	11558718	-	chr20	58062601	58062602
chr5	157331171	157331942	-	chr10	115797252	115798015
chr6	20600603	20601347	+	chr16	82875280	82875728
chr6	20600799	20601498	-	chr16	82875757	82876219
chr6	11296157	11296933	+	chr13	96600765	96601511
chr6	11293307	11293841	-	chr7	31326773	31327488
chr6	11293829	11294402	+	chr7	31326876	31327661
chr6	11293935	11294396	+	chr9	102388771	102389411
chr6	11293409	11293873	-	chr9	102388713	102389384
chr6	11293634	11294398	+	chr14	41370311	41371237
chr1	117351921	117352628	-	chr2	278059	278743
chr1	117352377	117352380	+	chr2	272214	272217
chr1	233971878	233971901	-	chr2	277226	277249
chr1	91267630	91268118	+	chr6	32468409	32469100
chr1	114046333	114046761	+	chr13	76443754	76444348
chr1	114046281	114046283	-	chr13	76444012	76444014
chr1	114045468	114046237	-	chr9	18227444	18228257
chr1	114046065	114046746	+	chr9	18227683	18228293
chr7	36907128	36907907	+	chr9	86891056	86891669
chr7	36907494	36907495	-	chr9	86891749	86891750
chr1	181290096	181290099	+	chr3	130347578	130347581
chr7	89646177	89646178	+	chr10	409068	409069
chr12	24907355	24907357	+	chr18	71863055	71863057
chr12	24907428	24907462	-	chr18	71863100	71863134
chr8	15501508	15501510	+	chr17	9513631	9513633
chr8	62642958	62643854	+	chr12	53298547	53299267
chr8	62642941	62643621	-	chr12	53290572	53291198
chr1	119137968	119138438	-	chr7	137914868	137915935
chr2	11135187	11135190	+	chr10	13017448	13017451
chr1	239919628	239919633	+	chr15	55495305	55495310
chr1	239919181	239920041	-	chr15	55495395	55496049
chr4	71018276	71019224	+	chr10	109575226	109576027
chr4	71025502	71025503	-	chr10	109575663	109575664
chr3	57374718	57375211	-	chr10	28938232	28938897
chr3	25802401	25802839	+	chr5	154176291	154176985
chr2	130181867	130181868	-	chr9	21058842	21058843
chr6	130870500	130870507	-	chr9	21058790	21058797
chr6	130870433	130870442	+	chr9	20261942	20261951
chr7	115636775	115636777	-	chr11	61361660	61361662
chr11	131995359	131996127	+	chr21	41510007	41510502
chr2	228820954	228820967	-	chr12	26921415	26921428
chr4	71735101	71735782	+	chr20	62152955	62153400
chr4	71735033	71735757	-	chr20	62153446	62153948
chr11	84212824	84213464	+	chr12	113926439	113926865
chr11	84213250	84213783	-	chr12	113926962	113927371
chr3	101294880	101295480	-	chr12	97650737	97651474
chr3	101295626	101295629	+	chr12	97651080	97651083
chr3	101295626	101295629	+	chr12	97651080	97651083
chr2	151568658	151568660	-	chr14	24992620	24992622
chr2	151568293	151569124	+	chr14	24991759	24992466
chr5	171306751	171306754	-	chr7	4765269	4765272
chr3	189958983	189959694	-	chr8	109825466	109825908
chr11	18392349	18393109	-	chr15	59729960	59730443
chr11	18392185	18393178	-	chr15	59750284	59750764
chr11	18392166	18393050	-	chr15	59751665	59752724
chr11	18392247	18393099	+	chr15	59754302	59755175
chr1	77899188	77899645	+	chr8	134325017	134325551
chr2	72678965	72679706	+	chr18	8291979	8292726
chr6	29766133	29766136	+	chr11	121123624	121123627
chr6	29765452	29765933	-	chr11	121123423	121124047
chr1	168567154	168567157	+	chr6	29765932	29765935
chr2	195263998	195264006	-	chr3	86144925	86144933
chr3	139045239	139045241	-	chr5	110533983	110533985
chr3	139045295	139045839	+	chr5	110533694	110534357
chr1	201845888	201845892	-	chr3	72757676	72757680
chr1	201845961	201846531	+	chr3	72757328	72758081
chr3	115900975	115900977	+	chr5	122357942	122357944
chr3	109493320	109493923	+	chr12	40785349	40786141
chr3	109492768	109493410	-	chr12	40785668	40786285
chr3	109492918	109493527	-	chr9	11440433	11441449
chr3	109493511	109493515	-	chr8	65226609	65226613
chr3	109493583	109494010	+	chr8	65226196	65226737
chr3	117805944	117806650	+	chr6	168421721	168422310
chr3	117806224	117806721	+	chr6	168420470	168420968
chr3	117806270	117806274	-	chr6	168421295	168421299
chr4	117643024	117643029	+	chr6	168421380	168421385
chr4	117643024	117643921	-	chr6	168421493	168422085
chr4	117645360	117646025	-	chr6	168420923	168421516
chr3	186165581	186166257	-	chr6	168422020	168422673
chr3	164893547	164894142	+	chr20	17861555	17862201
chr3	164893692	164893695	-	chr20	17861281	17861284
chr20	17861683	17861685	-	chrX	13973126	13973128
chr7	65752568	65752571	-	chr8	140553685	140553688
chr3	175638872	175638876	-	chr12	84648091	84648095
chr8	132224215	132224216	+	chr20	41768849	41768850
chr8	85242983	85242986	-	chr10	66328016	66328019
chr10	32186509	32187290	-	chr17	3921138	3921911
chr11	96025167	96025170	+	chr20	49086847	49086850
chr10	16110529	16110530	+	chr12	64968459	64968460
chr10	81775061	81775502	+	chr11	66365735	66366426
chr10	87654310	87654908	+	chr22	50613128	50613647
chr10	87655439	87655441	+	chr22	50613063	50613065
chr10	79451612	79451614	+	chrX	40690964	40690966
chr10	79450122	79450127	+	chrX	40690823	40690828
chr11	43383866	43383867	-	chr19	57675198	57675199
chr11	5583678	5583683	-	chr12	68990354	68990359
chr11	5583944	5583949	+	chr12	68989566	68989571
chr11	28470849	28470850	+	chr17	11658148	11658149
chr1	195305004	195305899	-	chr7	17469762	17470432
chr1	195305044	195305894	+	chr7	17470461	17471173
chr1	195305429	195305432	+	chr7	17475307	17475310
chr1	195305429	195305432	+	chr7	17475307	17475310
chr11	118098718	118098723	+	chrX	40941037	40941042
chr12	26825050	26825052	-	chr19	52206260	52206262
chr12	26822299	26822302	-	chr19	52206400	52206403
chr12	116269287	116269291	+	chr17	51641243	51641247
chr15	43429983	43429990	+	chr17	22078554	22078561
chr15	43429983	43429990	+	chr17	22078554	22078561
chr13	42922768	42922771	-	chr16	19220830	19220833
chr14	20395317	20395319	-	chr19	51724242	51724244
chr14	27336362	27337056	+	chr15	58004267	58004844
chr14	27336362	27337056	+	chr15	58004267	58004844
chr14	27336747	27336750	-	chr15	58004896	58004899
chr14	27336747	27336750	-	chr15	58004896	58004899
chr18	22749258	22749260	+	chr21	40795943	40795945
chr18	22749258	22749260	+	chr21	40795943	40795945
chr15	94301145	94301148	-	chr18	19014272	19014275
chr15	94301145	94301148	-	chr18	19014272	19014275
chr15	94301145	94301148	-	chr18	19014272	19014275
chr15	94301145	94301148	-	chr18	19014272	19014275
chr15	94301327	94301330	+	chr18	19016324	19016327
chr15	94301327	94301330	+	chr18	19016324	19016327
chr15	94301327	94301330	+	chr18	19016324	19016327
chr15	94301327	94301330	+	chr18	19016324	19016327
chr16	14773958	14773960	+	chr20	38038773	38038775
chr16	15876841	15876844	+	chr17	11653753	11653756
chr2	9554554	9554555	-	chr3	21187364	21187365
chr2	36567654	36568324	-	chrX	84348625	84349612
chr2	36568385	36568386	+	chrX	84349089	84349090
chr2	50594495	50594496	+	chr3	186302288	186302289
chr2	50594241	50594959	+	chr3	186302766	186303395
chr2	59484764	59484769	+	chr12	56431967	56431972
chr2	59484764	59484769	+	chr12	56431967	56431972
chr2	59484764	59484769	+	chr12	56431967	56431972
chr2	59484764	59484769	+	chr12	56431967	56431972
chr2	59484764	59484769	+	chr12	56431967	56431972
chr2	59484764	59484769	+	chr12	56431967	56431972
chr2	64118559	64118560	-	chr19	37921341	37921342
chr2	128588014	128588020	+	chr9	13236697	13236703
chr2	130307738	130307739	+	chr9	21077200	21077201
chr6	130867608	130867609	-	chr9	21077218	21077219
chr2	130199942	130199943	+	chr9	14607743	14607744
chr2	130199525	130200274	-	chr9	14607317	14608050
chr2	130191374	130191375	+	chr9	24693595	24693596
chr2	130191357	130191363	-	chr9	24693520	24693526
chr2	131579065	131579066	+	chr9	20882637	20882638
chr2	143303071	143303072	-	chr9	24697190	24697191
chr2	142456495	142456496	-	chr6	129982083	129982084
chr2	142776716	142776717	+	chr9	21084134	21084135
chr2	120171065	120171567	+	chr4	115129600	115130100
chr2	182706102	182706103	+	chr11	1010689	1010690
chr2	182705714	182706334	-	chr11	1010766	1011324
chr2	144289115	144289121	+	chr18	9547022	9547028
chr2	144289115	144289121	+	chr18	9547022	9547028
chr2	144289115	144289121	+	chr18	9547022	9547028
chr2	144288695	144289504	-	chr18	9546357	9546967
chr2	144288695	144289504	-	chr18	9546357	9546967
chr2	144288695	144289504	-	chr18	9546357	9546967
chr5	135766376	135766378	-	chr20	45429845	45429847
chr1	38422209	38422800	-	chr5	58271604	58272260
chr1	38422854	38422860	+	chr5	58271998	58272004
chr3	42267027	42267638	+	chr15	68776293	68777043
chr3	50590234	50590236	+	chr6	49090026	49090028
chr2	241365208	241365212	-	chr7	16985305	16985309
chr2	242725483	242725485	+	chr7	45478847	45478849
chr1	4700803	4700804	+	chr12	99430000	99430001
chr3	47203662	47203666	-	chr7	49564783	49564787
chr3	49454790	49454795	+	chr7	49368395	49368400
chr3	89139790	89139792	+	chr4	163739757	163739759
chr3	90181904	90182612	-	chr17	7146470	7147149
chr3	90216279	90217155	+	chr17	7147116	7148400
chr3	109459845	109459847	+	chr8	35052180	35052182
chr3	109459115	109459793	-	chr8	35051730	35052550
chr3	133465642	133466577	+	chr18	8465357	8466052
chr3	133465642	133466577	+	chr18	8465357	8466052
chr1	919744	920330	-	chr11	89665542	89665974
chr4	70334547	70334549	-	chr18	20013908	20013910
chr1	68939393	68940245	-	chr20	24511563	24512398
chr1	68940293	68941024	+	chr20	24511725	24512412
chr1	68940597	68940598	-	chr20	24511958	24511959
chr4	139134288	139134290	-	chr18	18799772	18799774
chr1	7459983	7460749	+	chr6	24804063	24804692
chr1	7460279	7460286	-	chr6	24804974	24804981
chr1	7459818	7460477	-	chr6	24804651	24805265
chr5	21952312	21952314	+	chrX	133646710	133646712
chr5	305950	305955	+	chr13	30437315	30437320
chr5	305950	305955	+	chr13	30437315	30437320
chr5	25680584	25680586	+	chr7	73830469	73830471
chr5	26040870	26040871	-	chr13	103477618	103477619
chr5	26040870	26040871	-	chr13	103477618	103477619
chr6	30652573	30652574	+	chr18	25473336	25473337
chr6	30643742	30644354	-	chr18	25472940	25473706
chr5	144372847	144372851	-	chr8	31742031	31742035
chr6	11298754	11298757	+	chr9	3007233	3007236
chr6	11298601	11298602	-	chr9	3005545	3005546
chr6	164044942	164044945	+	chrX	130517336	130517339
chr6	58651715	58651717	+	chr18	21454715	21454717
chr6	107114040	107114625	+	chr12	100593773	100594467
chr6	107113965	107113967	-	chr12	100594000	100594002
chr6	142034834	142034835	-	chr15	24863956	24863957
chr8	39746635	39746638	-	chr16	60663152	60663155
chr8	50667961	50667963	-	chr21	18902777	18902779
chr7	75621165	75621173	+	chr13	32943338	32943346
chr7	75929177	75929179	-	chr13	32943074	32943076
chr7	79273132	79273134	+	chr13	107759550	107759552
chr8	19801692	19801694	+	chr22	29197761	29197763
chr8	4923715	4923716	-	chr10	88266889	88266890
chr8	4924235	4924238	-	chr10	88267031	88267034
chr8	15531791	15531792	-	chr11	16995072	16995073
chr8	15799331	15799332	+	chr11	81313784	81313785
chr8	15799070	15799074	-	chr11	81400525	81400529
chr8	16995805	16995806	+	chr18	20626992	20626993
chr9	26583960	26584587	+	chr9	111565759	111566473
chr4	187848509	187848510	+	chr4	187851098	187851099
chr5	10136556	10136563	+	chr5	10138528	10138535
chr5	10133346	10133349	+	chr5	10136308	10136311
chr6	11294043	11294045	+	chr6	11295999	11296001
chr6	65987980	65987984	+	chr6	65992199	65992203
chr15	101069603	101069608	+	chr15	101070594	101070595
chr7	125929570	125930250	+	chr7	125932486	125933235
chr1	30233031	30233695	+	chr1	30961745	30962431
chr1	191437373	191437377	+	chr1	191478118	191478122
chr12	24421568	24421572	+	chr12	24422877	24422881
chr10	32143854	32143857	+	chr10	32210844	32210847
chr5	163050578	163050584	+	chr5	163053559	163053565
chr11	57140511	57140512	+	chr11	57143215	57143216
chr12	24203185	24203188	+	chr12	24204209	24204212
chr1	26927454	26927456	+	chr1	27721857	27721859
chr14	38159391	38159394	+	chr14	69809784	69809787
chr3	167262784	167262785	+	chr3	167264996	167264997
chr14	24435995	24436569	+	chr14	24472991	24473492
chr14	24435995	24436569	+	chr14	24472991	24473492
chr15	59730475	59730927	+	chr15	59751727	59752426
chr15	59750842	59750846	+	chr15	59752128	59752132
chr7	89620803	89620806	+	chr7	89924292	89924295
chr20	57780943	57780946	+	chr20	57782076	57782079
chrX	31746414	31746418	+	chrX	31774023	31774027
chr21	36197959	36197963	+	chr21	36260319	36260323
chrX	31955618	31955619	+	chrX	32072808	32072809
chr11	1094048	1094049	+	chr11	7961228	7961229
chr4	121147750	121148372	+	chr4	121149545	121150131
chr3	3011381	3011385	+	chr3	3012439	3012443
chr3	174525233	174525234	+	chr3	178184770	178184771
chr3	174522217	174522218	+	chr3	174523115	174523116
chr8	118628593	118628596	+	chr8	118630168	118630171
chr8	119233761	119233765	+	chr8	119233896	119233897
chr8	127098751	127098756	+	chr8	127099568	127099569
chr8	79634523	79634526	+	chr8	79682671	79682674
chr1	173103952	173103953	+	chr1	173236677	173236678
chr1	174513841	174513845	+	chr1	174695906	174695910
chr9	837888	837889	+	chr9	839145	839146
chr1	157644960	157644963	+	chr1	157645946	157645947
chr8	107979176	107979181	+	chr8	107996960	107996965
chr8	113678104	113678106	+	chr8	124230653	124230655
chr9	21957138	21957139	+	chr9	21973561	21973562
chr9	21957138	21957139	+	chr9	21973561	21973562
chr9	28757019	28757021	+	chr9	28901280	28901282
chr10	56032554	56032556	+	chr10	56032654	56032655
chr10	77776436	77776439	+	chr10	77792295	77792298
chr10	77684771	77684774	+	chr10	77917487	77917490
chr9	107363803	107364178	+	chr9	107369802	107370602
chr10	121419394	121419395	+	chr10	121419620	121419621
chr9	69467549	69467550	+	chr9	69467630	69467631
chr11	25333481	25333487	+	chr11	25337059	25337065
chr11	26232436	26232437	+	chr11	26232495	26232496
chr10	32033231	32033234	+	chr10	32137108	32137111
chr11	77985204	77985206	+	chr11	78188489	78188491
chr1	14498977	14498978	+	chr1	14500725	14500726
chr10	77384828	77384833	+	chr10	77537468	77537473
chr11	103916246	103916780	+	chr11	103918105	103918869
chr10	83538234	83538238	+	chr10	83540013	83540017
chr10	83776558	83776560	+	chr10	83781669	83781671
chr10	35771401	35771403	+	chr10	91605535	91605537
chr12	44113572	44113577	+	chr12	44233177	44233182
chr17	28466021	28466022	+	chr17	28490604	28490605
chr11	30878170	30878175	+	chr11	30884246	30884251
chr1	189403366	189403372	+	chr1	189457068	189457074
chr11	38815598	38816299	+	chr11	39479428	39480132
chr11	38815971	38815973	+	chr11	39526489	39526491
chr11	38815521	38815529	+	chr11	39482100	39482108
chr11	41412625	41412629	+	chr11	42627053	42627057
chr11	45603225	45603229	+	chr11	46674770	46674774
chr11	43333317	43333319	+	chr11	43424276	43424278
chr11	57528022	57528037	+	chr11	57578064	57578079
chr11	57528022	57528037	+	chr11	57578064	57578079
chr11	57528022	57528037	+	chr11	57578064	57578079
chr11	70489635	70489640	+	chr11	70492511	70492516
chr11	70489635	70489640	+	chr11	70492511	70492516
chr12	114632829	114632833	+	chr12	114632925	114632926
chr11	12751457	12751460	+	chr11	12921890	12921893
chr11	101245204	101245205	+	chr11	101296301	101296302
chr11	112246367	112246368	+	chr11	112248354	112248355
chr11	46382988	46382989	+	chr11	46515592	46515593
chr11	121649347	121649348	+	chr11	121649882	121649883
chr11	127534713	127534714	+	chr11	127755951	127755952
chr11	128095220	128095221	+	chr11	128185939	128185940
chr13	68760811	68761645	+	chr13	68836839	68837521
chr11	88471812	88471813	+	chr11	88658269	88658270
chr16	7503637	7503639	+	chr16	7595685	7595687
chr12	29713713	29713717	+	chr12	29715971	29715975
chr14	23135057	23135059	+	chr14	54680892	54680894
chr12	63701518	63701526	+	chr12	63703508	63703516
chr14	27698722	27698724	+	chr14	27917789	27917791
chr14	31801868	31801869	+	chr14	51379101	51379102
chr14	31801868	31801869	+	chr14	51379101	51379102
chr14	51379219	51379255	+	chr14	52641666	52641702
chr14	51379219	51379255	+	chr14	52641666	52641702
chr14	40319426	40319429	+	chr14	51379490	51379493
chr14	40319426	40319429	+	chr14	51379490	51379493
chr14	37165687	37165688	+	chr14	52150690	52150691
chr14	37794821	37794823	+	chr14	38188274	38188276
chr14	38189305	38189306	+	chr14	66435379	66435380
chr14	50859019	50859024	+	chr14	68324233	68324238
chr14	38113181	38113182	+	chr14	52663765	52663766
chr14	40316107	40316110	+	chr14	51383219	51383222
chr12	80497272	80497273	+	chr12	80497809	80497810
chr12	80498628	80498633	+	chr12	80500195	80500200
chr12	86149374	86149375	+	chr12	86168072	86168073
chr14	50624663	50624665	+	chr14	65750826	65750828
chr14	50871296	50871297	+	chr14	65762737	65762738
chr14	65513118	65513798	+	chr14	65682011	65682784
chr14	65513118	65513798	+	chr14	65682011	65682784
chr14	65513118	65513798	+	chr14	65682011	65682784
chr14	54979139	54979142	+	chr14	54979258	54979259
chr14	54876851	54876852	+	chr14	65238733	65238734
chr1	206588373	206589247	+	chr1	206591581	206592307
chr14	82749475	82749477	+	chr14	82749998	82749999
chr14	80771024	80771025	+	chr14	88864761	88864762
chr14	80771024	80771025	+	chr14	88864761	88864762
chr14	90258421	90258425	+	chr14	90260604	90260608
chr14	102723787	102723788	+	chr14	102834168	102834169
chr1	210526730	210526734	+	chr1	210529296	210529300
chr13	26861741	26861743	+	chr13	26861844	26861845
chr13	42782727	42782728	+	chr13	42791575	42791576
chr16	19220584	19220587	+	chr16	19222781	19222784
chr16	20200357	20200358	+	chr16	20201212	20201213
chr13	58638057	58638733	+	chr13	62307186	62307799
chr14	43635746	43635750	+	chr14	43697917	43697921
chr13	92289207	92289209	+	chr13	92307321	92307323
chr16	78655972	78655976	+	chr16	78718571	78718575
chr16	78554568	78554569	+	chr16	78709426	78709427
chr16	78866656	78866660	+	chr16	79062107	79062111
chr20	42935572	42935573	+	chr20	43488218	43488219
chr15	24126214	24126216	+	chr15	24128133	24128135
chr15	35152807	35152811	+	chr15	35179646	35179650
chr15	37500502	37501144	+	chr15	37504346	37504995
chr1	233192343	233193138	+	chr1	233416849	233417615
chr17	79704785	79704789	+	chr17	79874935	79874939
chr14	98082867	98082869	+	chr14	98085345	98085347
chr18	22905088	22905091	+	chr18	41232039	41232042
chr1	20206965	20206969	+	chr1	20207127	20207128
chr16	552382	552383	+	chr16	15054413	15054414
chr16	55737790	55738429	+	chr16	55739718	55740440
chr16	63018932	63018935	+	chr16	63019262	63019263
chr16	78892163	78892165	+	chr16	78982592	78982594
chr16	78563980	78563985	+	chr16	78770535	78770540
chr15	91943066	91943073	+	chr15	91943120	91943121
chr16	4633568	4633572	+	chr16	4665189	4665193
chr16	9505256	9505258	+	chr16	9506105	9506106
chr17	21163824	21163833	+	chr17	21164233	21164234
chr1	20717134	20717137	+	chr1	20992199	20992202
chr20	14739471	14739478	+	chr20	15029153	15029160
chr20	15649970	15649973	+	chr20	15799029	15799032
chr20	17947982	17947986	+	chr20	17948243	17948244
chr20	17947982	17947986	+	chr20	17948243	17948244
chr20	17947982	17947986	+	chr20	17948243	17948244
chr20	17947982	17947986	+	chr20	17948243	17948244
chr1	246421170	246421172	+	chr1	246590428	246590430
chr20	40214015	40214017	+	chr20	43660049	43660051
chr20	45225329	45225330	+	chr20	45225784	45225785
chr17	54012533	54013226	+	chr17	54015426	54016095
chr17	57314805	57314808	+	chr17	57316645	57316648
chr1	248068157	248068158	+	chr1	248242724	248242725
chr16	78626173	78626175	+	chr16	78766251	78766253
chr16	79018925	79018930	+	chr16	79098526	79098531
chr16	78814058	78814059	+	chr16	78858182	78858183
chr22	16887573	16887575	+	chr22	19470647	19470649
chr18	30343143	30343147	+	chr18	36627135	36627139
chr18	30342609	30343120	+	chr18	34290546	34291036
chr18	30343055	30343609	+	chr18	30833065	30833730
chr18	31611131	31611136	+	chr18	31750691	31750696
chr2	1244840	1244843	+	chr2	1245521	1245522
chr18	33431800	33432547	+	chr18	34226711	34227532
chr18	34228252	34228253	+	chr18	34245639	34245640
chr1	246286869	246286871	+	chr1	246594919	246594921
chr17	28551745	28552504	+	chr17	29765834	29766420
chrX	6922988	6922989	+	chrX	7065235	7065236
chr2	24018610	24018614	+	chr2	24043768	24043772
chr19	11500409	11500418	+	chr19	11500761	11500762
chrX	82076071	82076072	+	chrX	82136163	82136164
chr19	21946597	21946604	+	chr19	21946689	21946690
chrX	140930422	140930424	+	chrX	140934505	140934507
chr19	53599518	53600051	+	chr19	53629345	53629826
chr19	53599518	53600051	+	chr19	53629345	53629826
chr20	14745782	14745784	+	chr20	15002503	15002505
chr20	15037865	15037867	+	chr20	15086205	15086207
chr20	15095201	15095202	+	chr20	15176632	15176633
chr20	15413653	15413654	+	chr20	15503171	15503172
chr20	15144300	15144303	+	chr20	16059737	16059740
chr20	18542998	18543761	+	chr20	18733637	18734618
chr2	14847632	14847634	+	chr2	14852029	14852031
chr20	59159870	59159875	+	chr20	59159924	59159925
chr19	18525631	18525635	+	chr19	18543655	18543659
chr21	30086286	30086288	+	chr21	30086375	30086376
chr21	36252771	36252776	+	chr21	36322263	36322268
chr19	53006078	53006081	+	chr19	53006374	53006375
chr19	57780920	57780922	+	chr19	57783195	57783197
chr22	49170858	49170860	+	chr22	49170930	49170931
chrX	7138220	7139077	+	chrX	8112334	8113176
chrX	31268236	31268237	+	chrX	31400176	31400177
chr20	57762922	57762923	+	chr20	58044854	58044855
chrX	81584789	81584797	+	chrX	81584993	81584994
chrX	120851718	120851721	+	chrX	120996614	120996617
chr5	113238411	113238412	+	chr5	116351633	116351634
chrX	139779624	139779625	+	chrX	139783610	139783611
chrX	141027270	141027273	+	chrX	141031597	141031600
chr3	60633263	60633264	+	chr3	60710217	60710218
chr2	74383367	74383861	+	chr2	76022430	76023196
chr12	32251544	32251548	+	chr12	32602168	32602172
chr12	32184986	32184992	+	chr12	32602475	32602481
chr1	23241305	23242147	+	chr1	28046691	28047486
chr2	70024185	70024189	+	chr2	70024237	70024238
chr20	52660769	52660770	+	chr20	56953534	56953535
chr2	130199858	130199859	+	chr2	150505918	150505919
chr2	109456951	109456959	+	chr2	109459587	109459595
chr3	60540375	60540379	+	chr3	60730822	60730826
chr2	139124354	139124357	+	chr2	139127034	139127037
chr5	11345023	11345028	+	chr5	11352926	11352931
chr2	186382259	186382265	+	chr2	186687253	186687259
chr2	180527372	180527378	+	chr2	180528978	180528984
chr2	180566334	180566337	+	chr2	180568575	180568578
chr1	34831102	34831739	+	chr1	34835825	34836485
chr2	206118483	206118490	+	chr2	206419949	206419956
chr2	213213266	213213910	+	chr2	213215202	213215704
chr14	74765992	74765994	+	chr14	74860650	74860652
chr2	228044287	228044288	+	chr2	228081955	228081956
chr3	20506751	20506754	+	chr3	20507489	20507490
chr1	44600725	44600728	+	chr1	44601652	44601653
chr3	9271906	9272797	+	chr3	10076883	10077698
chr3	13603523	13603526	+	chr3	187800165	187800168
chr3	14854824	14854830	+	chr3	184441071	184441077
chr3	60242926	60242930	+	chr3	60409051	60409055
chr3	60123628	60123630	+	chr3	60446045	60446047
chr3	60410086	60410091	+	chr3	60613872	60613877
chr3	60736880	60736883	+	chr3	60796597	60796600
chr3	60460754	60460755	+	chr3	60651620	60651621
chr3	71126258	71126262	+	chr3	71155478	71155482
chr1	41396641	41396646	+	chr1	41396757	41396758
chr3	60398278	60398280	+	chr3	60402693	60402695
chr13	84988949	84988956	+	chr13	84992187	84992194
chr14	40428735	40428736	+	chr14	49091599	49091600
chr3	60242946	60243862	+	chr3	60651301	60652193
chr3	113437045	113437046	+	chr3	113579478	113579479
chr3	59969086	59969089	+	chr3	60133751	60133754
chr3	59915012	59915014	+	chr3	59995007	59995009
chr3	60420990	60420992	+	chr3	60451457	60451459
chr3	145096012	145096016	+	chr3	145171567	145171571
chr3	147241702	147241710	+	chr3	147243047	147243055
chr3	104513945	104513946	+	chr3	104516238	104516239
chr3	82981467	82981468	+	chr3	82984803	82984804
chr14	37170995	37170996	+	chr14	69883404	69883405
chr14	54683882	54683884	+	chr14	66422073	66422075
chr3	174792663	174792665	+	chr3	174799885	174799887
chr3	174792663	174792665	+	chr3	174799885	174799887
chr3	174864547	174864548	+	chr3	175068552	175068553
chr18	8452049	8452053	+	chr18	8465290	8465294
chr18	8450528	8451255	+	chr18	8465743	8466492
chr3	113023124	113023130	+	chr3	113024442	113024448
chr3	136983761	136983762	+	chr3	136985089	136985090
chr4	13423615	13423616	+	chr4	13423765	13423766
chr3	167073944	167073950	+	chr3	168711827	168711833
chr3	172315624	172315627	+	chr3	172970375	172970378
chr3	176083859	176083862	+	chr3	177194892	177194895
chr3	177386079	177386080	+	chr3	178140948	178140949
chr3	177386079	177386080	+	chr3	178140948	178140949
chr4	30620591	30620594	+	chr4	30622549	30622552
chr3	158265132	158265133	+	chr3	172366737	172366738
chr3	185720428	185720432	+	chr3	189171697	189171701
chr3	188617835	188617839	+	chr3	189403367	189403371
chr1	62433142	62433144	+	chr1	62442163	62442165
chr4	61800187	61800192	+	chr4	61800280	61800281
chr4	19777272	19777275	+	chr4	19780617	19780620
chr4	1997635	1997641	+	chr4	2182955	2182961
chr4	91671387	91671389	+	chr4	91962741	91962743
chr4	91325164	91325168	+	chr4	91410250	91410254
chr4	91503551	91503554	+	chr4	91624222	91624225
chr4	91770515	91770518	+	chr4	91956464	91956467
chr4	91583364	91583366	+	chr4	91686812	91686814
chr4	91970468	91970472	+	chr4	92014025	92014029
chr4	94425367	94425368	+	chr4	94425453	94425454
chr4	116384562	116384565	+	chr4	116385347	116385348
chr4	145209952	145209956	+	chr4	145215397	145215401
chr4	151910403	151910408	+	chr4	151957685	151957690
chr4	86412572	86412573	+	chr4	86893051	86893052
chr4	91830316	91830320	+	chr4	91843194	91843198
chr4	91978360	91978361	+	chr4	92001325	92001326
chr4	91886398	91886401	+	chr4	91907956	91907959
chr4	174219743	174219745	+	chr4	174228717	174228719
chr7	4103741	4103744	+	chr7	4927870	4927873
chr4	79278882	79278884	+	chr4	79319946	79319948
chr4	133606372	133606374	+	chr4	133606711	133606712
chr4	139135184	139135190	+	chr4	139135244	139135245
chr4	151418261	151418262	+	chr4	151418401	151418402
chr4	160605848	160605853	+	chr4	160608912	160608917
chr5	27846454	27846455	+	chr5	27962038	27962039
chr11	48149775	48149778	+	chr11	48176191	48176194
chr5	73914191	73914196	+	chr5	80357653	80357658
chr5	11717769	11717770	+	chr5	11721504	11721505
chr5	117967112	117967886	+	chr5	118412692	118413634
chr5	25658986	25658991	+	chr5	25659057	25659058
chr5	25657007	25657010	+	chr5	25658100	25658103
chr5	141344769	141344771	+	chr5	141344877	141344878
chr5	141344769	141344771	+	chr5	141344877	141344878
chr5	141344769	141344771	+	chr5	141344877	141344878
chr5	141344769	141344771	+	chr5	141344877	141344878
chr5	59057652	59057653	+	chr5	59071814	59071815
chr5	59579250	59579255	+	chr5	59672302	59672307
chr5	91812321	91812323	+	chr5	91817954	91817956
chr5	91812321	91812323	+	chr5	91817954	91817956
chr10	22328073	22328074	+	chr10	22329458	22329459
chr5	103952352	103952353	+	chr5	103956978	103956979
chr6	15622557	15622558	+	chr6	16492823	16492824
chr5	82898890	82898895	+	chr5	82899916	82899921
chr6	50255083	50255087	+	chr6	50255938	50255939
chr5	113836684	113836688	+	chr5	113836794	113836795
chr6	1651432	1651438	+	chr6	1869307	1869313
chr1	97522220	97522221	+	chr1	97522980	97522981
chr6	92667059	92667062	+	chr6	92667643	92667644
chr9	3005817	3005822	+	chr9	3011111	3011116
chr6	146894266	146894269	+	chr6	146894439	146894440
chr6	162758706	162758708	+	chr6	162824916	162824918
chr6	31440099	31440103	+	chr6	33279608	33279612
chr6	40187803	40187807	+	chr6	40189958	40189962
chr6	104296011	104296015	+	chr6	104298331	104298335
chr6	64437063	64437067	+	chr6	64449852	64449856
chr6	64437063	64437067	+	chr6	64449852	64449856
chr6	64437063	64437067	+	chr6	64449852	64449856
chr6	64437063	64437067	+	chr6	64449852	64449856
chr3	180898748	180898750	+	chr3	181460537	181460539
chr6	124984450	124984454	+	chr6	124985655	124985659
chr6	126763161	126763164	+	chr6	126768071	126768074
chr6	138695831	138696697	+	chr6	138698378	138699089
chr7	110781079	110781084	+	chr7	110809320	110809325
chr7	110649650	110649655	+	chr7	110676544	110676549
chr7	114002994	114002995	+	chr7	114009893	114009894
chr7	119804030	119804032	+	chr7	129547210	129547212
chr7	127255569	127255573	+	chr7	127256157	127256158
chr7	127280520	127280521	+	chr7	127282605	127282606
chr7	129535905	129535907	+	chr7	131192425	131192427
chr7	133599761	133599762	+	chr7	133717060	133717061
chr6	165879181	165879186	+	chr6	165963017	165963022
chr7	36932572	36932577	+	chr7	36932670	36932671
chr7	39069183	39069188	+	chr7	39072065	39072070
chr7	151817371	151817372	+	chr7	151844319	151844320
chr7	151817371	151817372	+	chr7	151844319	151844320
chr7	50006539	50006544	+	chr7	50006602	50006603
chr7	50001603	50001606	+	chr7	50006147	50006150
chr7	15153784	15153789	+	chr7	46509330	46509335
chr7	27559057	27559062	+	chr7	27597265	27597270
chr8	15718322	15718325	+	chr8	15721426	15721429
chr7	34495990	34495994	+	chr7	35899090	35899094
chr7	35911281	35911285	+	chr7	46733862	46733866
chr7	89244214	89244220	+	chr7	89245889	89245895
chr7	101570123	101570126	+	chr7	101690275	101690278
chr7	110634516	110634520	+	chr7	110636778	110636782
chr7	119110902	119110906	+	chr7	119112877	119112881
chr7	75620956	75621625	+	chr7	75928733	75929352
chr8	111978927	111978930	+	chr8	111979436	111979437
chr7	158304654	158304658	+	chr7	158309962	158309966
chr8	3109381	3109387	+	chr8	3110120	3110121
chr7	149951794	149951795	+	chr7	149951848	149951849
chr9	22346518	22346519	+	chr9	26370298	26370299
chr8	52110117	52110121	+	chr8	52110228	52110229
chr8	53106491	53106495	+	chr8	53110813	53110817
chr8	53106491	53106495	+	chr8	53110813	53110817
chr8	56467762	56467763	+	chr8	56468604	56468605
chr8	80107463	80107468	+	chr8	80112244	80112249
chr8	94720182	94720188	+	chr8	94721521	94721527
chr9	116288021	116288022	+	chr9	116808184	116808185
chr9	117934670	117934672	+	chr9	118542129	118542131
chr8	113050656	113050663	+	chr8	113059022	113059029
chr8	113635300	113635302	+	chr8	113636568	113636570
chr14	37163627	37163628	-	chr14	50605241	50605242
chr9	26583672	26584488	-	chr9	111566310	111567157
chr9	15559744	15560544	-	chr9	15602830	15603719
chr6	37413065	37413882	-	chr6	37437661	37438523
chr5	27775268	27775269	-	chr5	27783729	27783730
chr22	41039733	41039734	-	chr22	41106645	41106646
chr20	14599255	14599259	-	chr20	14606446	14606450
chr20	14599255	14599259	-	chr20	14606446	14606450
chr20	14599255	14599259	-	chr20	14606446	14606450
chr20	14599255	14599259	-	chr20	14606446	14606450
chr5	50318340	50318341	-	chr5	50331540	50331541
chr3	87850957	87850961	-	chr3	87859657	87859661
chr4	117643021	117643022	-	chr4	117645909	117645910
chr3	169840571	169840572	-	chr3	174175615	174175616
chr8	77193904	77193908	-	chr8	77239031	77239035
chr9	20077211	20077214	-	chr9	20130291	20130294
chr10	73872654	73872656	-	chr10	73933899	73933901
chr1	189624543	189624546	-	chr1	189645402	189645405
chr11	43634588	43634591	-	chr11	43752911	43752914
chr10	80382431	80382436	-	chr10	80384366	80384371
chr1	177003298	177003300	-	chr1	177003374	177003376
chr11	38814835	38815395	-	chr11	39508459	39509301
chr11	39479884	39479890	-	chr11	39509376	39509382
chr11	45603248	45603249	-	chr11	46674924	46674925
chr11	45176147	45176997	-	chr11	45183012	45183878
chr11	787496	787497	-	chr11	815969	815970
chr1	206966929	206966931	-	chr1	207202784	207202786
chr11	60804505	60804506	-	chr11	72688591	72688592
chr12	15654246	15654250	-	chr12	15782899	15782903
chr14	40319258	40319261	-	chr14	51379485	51379488
chr14	40319258	40319261	-	chr14	51379485	51379488
chr14	35042793	35042795	-	chr14	98755684	98755686
chr14	35459808	35459810	-	chr14	49766086	49766088
chr14	36793241	36794066	-	chr14	37493862	37494519
chr12	73830036	73830037	-	chr12	73854634	73854635
chr14	49437316	49437318	-	chr14	50853531	50853533
chr14	38468997	38469000	-	chr14	69838915	69838918
chr14	50847080	50847081	-	chr14	65761475	65761476
chr14	54016079	54016082	-	chr14	65681674	65681677
chr14	96140847	96140849	-	chr14	96141465	96141467
chr14	96140847	96140849	-	chr14	96141465	96141467
chr14	96140847	96140849	-	chr14	96141465	96141467
chr14	96140847	96140849	-	chr14	96141465	96141467
chr14	68242949	68242950	-	chr14	97708323	97708324
chr14	68305305	68305306	-	chr14	69245696	69245697
chr14	69189448	69189449	-	chr14	98837778	98837779
chr14	69955316	69955317	-	chr14	82407715	82407716
chr15	48007089	48007090	-	chr15	48074203	48074204
chr15	49548092	49548093	-	chr15	49644661	49644662
chr15	49548092	49548093	-	chr15	49644661	49644662
chr13	66242045	66242049	-	chr13	66251163	66251167
chr13	28508295	28508749	-	chr13	28508952	28509651
chr13	58248222	58248223	-	chr13	60246253	60246254
chr16	31188644	31189506	-	chr16	31195583	31196425
chr14	37708284	37708288	-	chr14	37724977	37724981
chr14	67934880	67934896	-	chr14	67941821	67941837
chr17	72655804	72655805	-	chr17	72809966	72809967
chr15	71514977	71514980	-	chr15	71554723	71554726
chr16	1049704	1050354	-	chr16	1992651	1993443
chr16	66949466	66949468	-	chr16	67090436	67090438
chr16	78872374	78873335	-	chr16	78877559	78878465
chr16	79043088	79044071	-	chr16	79063262	79064123
chr20	38910953	38910957	-	chr20	39006477	39006481
chr20	45214605	45214610	-	chr20	45713612	45713617
chr17	53115477	53115479	-	chr17	53116290	53116292
chr21	36263746	36263752	-	chr21	36272472	36272478
chr18	18807207	18807210	-	chr18	18841326	18841329
chr18	30342415	30342417	-	chr18	34290779	34290781
chr18	30833510	30833513	-	chr18	36627462	36627465
chr17	28551501	28551503	-	chr17	29766196	29766198
chrX	63969763	63969766	-	chrX	64018228	64018231
chr19	37102199	37102200	-	chr19	37125935	37125936
chrX	126847551	126847555	-	chrX	126866580	126866584
chr2	81668202	81668208	-	chr2	81677807	81677813
chr2	74382758	74383347	-	chr2	76022635	76023296
chr12	32250995	32250999	-	chr12	32602565	32602569
chr12	32595735	32595738	-	chr12	32602465	32602468
chr1	28854312	28854329	-	chr1	28885929	28885946
chr2	116973903	116974507	-	chr2	116978015	116978721
chr2	131569296	131569303	-	chr2	143981508	143981515
chr2	199494944	199494946	-	chr2	199495049	199495051
chr2	206221536	206221540	-	chr2	206223585	206223589
chr2	208155542	208155543	-	chr2	208157342	208157343
chr7	107326993	107326995	-	chr7	108854558	108854560
chr3	39543450	39543455	-	chr3	39624873	39624878
chr3	6556549	6557547	-	chr3	190707640	190708539
chr3	7493764	7493765	-	chr3	190362765	190362766
chr3	10554717	10554718	-	chr3	186753349	186753350
chr3	13592992	13592997	-	chr3	31002673	31002678
chr3	71060403	71060404	-	chr3	71070664	71070665
chr3	61114462	61114465	-	chr3	61134592	61134595
chr14	37719160	37719162	-	chr14	66421380	66421382
chr3	84556125	84556127	-	chr3	84568974	84568976
chr3	170228322	170228324	-	chr3	170322672	170322674
chr3	170228322	170228324	-	chr3	170322672	170322674
chr3	103188207	103188209	-	chr3	103211137	103211139
chr3	137841984	137842763	-	chr3	137940018	137940895
chr3	157845079	157846080	-	chr3	163131185	163132161
chr4	42848018	42848022	-	chr4	42990100	42990104
chr4	151874539	151874542	-	chr4	151961594	151961597
chr4	81729797	81729800	-	chr4	81739032	81739035
chr7	20982606	20982610	-	chr7	20982675	20982679
chr5	122778792	122778797	-	chr5	122925125	122925130
chr5	63210827	63210832	-	chr5	63222149	63222154
chr5	81013938	81013945	-	chr5	81048662	81048669
chr6	140020335	140020339	-	chr6	140054336	140054340
chr7	29687679	29688262	-	chr7	29790386	29790885
chr7	67170078	67170087	-	chr7	67200900	67200909
chr6	142496948	142496953	-	chr6	142497429	142497434
chr6	128447096	128447100	-	chr6	130061752	130061756
chr7	127340791	127341588	-	chr7	130343222	130344028
chr8	3932391	3932394	-	chr8	4064281	4064284
chr3	159774314	159775264	-	chr3	172161305	172162174
chr8	5359190	5359194	-	chr8	5412167	5412171
chr4	65108162	65108177	+	chr4	65108162	65108177
chr4	81268546	81268562	+	chr4	81268546	81268562
chr4	116034014	116034015	+	chr4	116034015	116034016
chr5	25092607	25092608	+	chr5	25092608	25092609
chr5	131190989	131191002	+	chr5	131190989	131191002
chr5	131190989	131191002	+	chr5	131190989	131191002
chr5	131190989	131191002	+	chr5	131190989	131191002
chr5	131190989	131191002	+	chr5	131190989	131191002
chr1	84254351	84254354	+	chr1	84254351	84254354
chr6	160172738	160172755	+	chr6	160172738	160172755
chr6	160172738	160172755	+	chr6	160172738	160172755
chr6	160172738	160172755	+	chr6	160172738	160172755
chr6	160172738	160172755	+	chr6	160172738	160172755
chr7	28077126	28077142	+	chr7	28077126	28077142
chr7	54521221	54521233	+	chr7	54521221	54521233
chr7	78540165	78540182	+	chr7	78540165	78540182
chr7	78540165	78540182	+	chr7	78540165	78540182
chr7	78540165	78540182	+	chr7	78540165	78540182
chr7	78540165	78540182	+	chr7	78540165	78540182
chr7	134523110	134523119	+	chr7	134523110	134523119
chr10	36727482	36727494	+	chr10	36727482	36727494
chr11	16242476	16242478	+	chr11	16242476	16242478
chr1	242309930	242309944	+	chr1	242309930	242309944
chr11	114515341	114515346	+	chr11	114515341	114515346
chr12	126128153	126128154	+	chr12	126128158	126128159
chr18	50643013	50643029	+	chr18	50643013	50643029
chr2	200634952	200634953	+	chr2	200634958	200634959
chr3	104520452	104520456	+	chr3	104520452	104520456
chr14	52151373	52151374	+	chr14	52151377	52151378
chr16	46482629	46482646	+	chr16	46482629	46482630
chr2	184996673	184996687	+	chr2	184996673	184996674
chr3	56026450	56026467	+	chr3	56026450	56026467
chr3	173711626	173711636	+	chr3	173711626	173711627
chr8	92247628	92247640	+	chr8	92247628	92247629
chr6	40243823	40243826	+	chr6	40266422	40266425
chr4	75910885	75911435	-	chr4	103942552	103943243
chr9	26584148	26584154	+	chr9	111565846	111565852
chr20	23413256	23414076	+	chr20	29852235	29852983
chr1	30233246	30233250	+	chr1	30962209	30962213
chr12	26678070	26678071	+	chr12	53291245	53291246
chr12	26677611	26678138	-	chr12	53290577	53291128
chr11	47699966	47699967	-	chr11	49866482	49866483
chr14	37177387	37177389	-	chr14	38159231	38159233
chr14	39122582	39122585	-	chr14	69250487	69250490
chr14	52891548	52891552	+	chr14	69251070	69251074
chr14	37176964	37177630	-	chr14	69809386	69809955
chr8	92726519	92726520	+	chr8	139395996	139395997
chr14	19960430	19960431	+	chr14	39833366	39833367
chr14	19960430	19960431	+	chr14	39833366	39833367
chr20	23412666	23412670	-	chr20	29852551	29852555
chr5	50331538	50331539	-	chr5	50662188	50662189
chr5	50652294	50652298	+	chr5	50662530	50662534
chr3	173792153	173792157	+	chr3	174525589	174525593
chr3	173793470	173793473	-	chr3	174524378	174524381
chr3	174048364	174048368	+	chr3	174363916	174363920
chr9	29984021	29984023	+	chr9	29996387	29996389
chr9	35120771	35120773	-	chr9	37699800	37699802
chr9	35120771	35120773	-	chr9	37699800	37699802
chr10	80368037	80368042	+	chr10	80382598	80382603
chr10	86525162	86525163	-	chr10	86535376	86535377
chr11	38815523	38815527	-	chr11	47867787	47867791
chr11	39480722	39480723	+	chr11	47855590	47855591
chr11	43424235	43424236	+	chr11	45602986	45602987
chr11	43423727	43424223	-	chr11	45602561	45603365
chr11	43332992	43332995	-	chr11	46674261	46674264
chr12	119257396	119257397	+	chr12	119479464	119479465
chr12	119257396	119257397	+	chr12	119479464	119479465
chr11	46342016	46342018	-	chr11	49258712	49258714
chr11	48172913	48172916	+	chr11	48184698	48184701
chr11	48549712	48549716	+	chr11	48563734	48563738
chr11	60805151	60805152	+	chr11	72672008	72672009
chr11	78730916	78730922	-	chr11	78741421	78741427
chr14	51379615	51379616	+	chr14	52151372	52151373
chr14	51379615	51379616	+	chr14	52151372	52151373
chr14	35762061	35762725	-	chr14	52641330	52641945
chr14	35762061	35762725	-	chr14	52641330	52641945
chr14	50028976	50028978	+	chr14	52641640	52641642
chr14	37983516	37983518	-	chr14	52151377	52151379
chr14	35145147	35145148	-	chr14	101381513	101381514
chr14	37688245	37688246	-	chr14	66414730	66414731
chr14	37175863	37175865	+	chr14	66070120	66070122
chr14	37697676	37697677	+	chr14	68324207	68324208
chr14	37706469	37706470	-	chr14	50853817	50853818
chr14	37795686	37795690	-	chr14	50863191	50863195
chr14	52663747	52663749	+	chr14	70501827	70501829
chr14	37812407	37812411	+	chr14	66872834	66872838
chr14	52648332	52648333	+	chr14	99888081	99888082
chr14	65682433	65682434	-	chr14	96141069	96141070
chr14	65682433	65682434	-	chr14	96141069	96141070
chr14	65513402	65513403	+	chr14	96141237	96141238
chr14	65513402	65513403	+	chr14	96141237	96141238
chr14	65513402	65513403	+	chr14	96141237	96141238
chr14	65513402	65513403	+	chr14	96141237	96141238
chr14	65513402	65513403	+	chr14	96141237	96141238
chr14	65513402	65513403	+	chr14	96141237	96141238
chr14	65674579	65675298	-	chr14	96140411	96141396
chr14	65674579	65675298	-	chr14	96140411	96141396
chr12	27800203	27800212	+	chr12	27810778	27810787
chr14	67348140	67348144	+	chr14	96391369	96391373
chr14	68780691	68780693	+	chr14	100704632	100704634
chr14	69958745	69958746	+	chr14	75580822	75580823
chr12	26793351	26793357	+	chr12	26808714	26808720
chr12	26793351	26793357	+	chr12	26808714	26808720
chr14	81204646	81204649	-	chr14	98715080	98715083
chr14	88232833	88232834	+	chr14	98528693	98528694
chr14	98446976	98446977	-	chr14	99628935	99628936
chr15	73453989	73453992	+	chr15	73632518	73632521
chr15	73453989	73453992	+	chr15	73632518	73632521
chr15	73610112	73610114	-	chr15	73634125	73634127
chr15	73610112	73610114	-	chr15	73634125	73634127
chr12	133141063	133141768	-	chr12	133343669	133344150
chr13	42934098	42934102	+	chr13	42951478	42951482
chr13	42884631	42884634	-	chr13	42899403	42899406
chr18	19013843	19013844	+	chr18	19036761	19036762
chr18	19013843	19013844	+	chr18	19036761	19036762
chr18	35680351	35680355	-	chr18	57048348	57048352
chr16	34813145	34813146	+	chr16	34855382	34855383
chr20	45286897	45286900	+	chr20	45308530	45308533
chr18	30342974	30342982	-	chr18	30833010	30833018
chr18	30832603	30833191	-	chr18	36626673	36627371
chr22	19868308	19868315	-	chr22	20106779	20106786
chr17	28531425	28531431	+	chr17	29766595	29766601
chr17	28531425	28531431	+	chr17	29766595	29766601
chr17	28552031	28552037	+	chr17	29766800	29766806
chr20	50487725	50487732	-	chr20	52798808	52798815
chr20	53978911	53978912	-	chr20	54955750	54955751
chrX	31843533	31843535	+	chrX	31878396	31878398
chrX	103242726	103243191	+	chrX	103257040	103257725
chrX	134753508	134754297	-	chrX	134802428	134802882
chr11	68176571	68176573	-	chr11	68481791	68481793
chr2	74383416	74383419	-	chr2	76022859	76022862
chr2	74383505	74384147	+	chr2	76022740	76023362
chr12	32184734	32184736	+	chr12	32251111	32251113
chr12	32184059	32184657	-	chr12	32250766	32251489
chr12	32183869	32183870	+	chr12	32595816	32595817
chr12	32183503	32184311	+	chr12	32602251	32602913
chr12	32184628	32185174	+	chr12	32602535	32603014
chr12	32184001	32184686	-	chr12	32601672	32602177
chr12	32184755	32184760	-	chr12	32602646	32602651
chr1	28903711	28903713	-	chr1	57437889	57437891
chr1	28856052	28856055	+	chr1	55569460	55569463
chr7	108854188	108854190	+	chr7	117036453	117036455
chr7	107331152	107331153	-	chr7	115626070	115626071
chr7	108854286	108854287	-	chr7	117498118	117498119
chr7	108854452	108855027	+	chr7	115626524	115627098
chr7	107327276	107327278	+	chr7	115626630	115626632
chr3	7535355	7536221	+	chr3	10590163	10591072
chr3	8218804	8218807	-	chr3	190344323	190344326
chr3	10441056	10441057	+	chr3	190343714	190343715
chr3	49224363	49224365	-	chr3	51555308	51555310
chr3	10013500	10013504	-	chr3	190045443	190045447
chr3	10016933	10016934	-	chr3	170498740	170498741
chr3	24802957	24802961	-	chr3	29166692	29166696
chr3	24835223	24835227	-	chr3	24847336	24847340
chr3	25162167	25162168	+	chr3	170842719	170842720
chr3	82950474	82951297	+	chr3	83018084	83018901
chr3	82950313	82951133	-	chr3	82994092	82994890
chr3	83812486	83812488	-	chr3	163871263	163871265
chr14	37157205	37157207	-	chr14	37170996	37170998
chr14	37157582	37157584	+	chr14	37719158	37719160
chr3	167073274	167073276	-	chr3	171382507	171382509
chr3	162329801	162329803	+	chr3	173664946	173664948
chr4	4006322	4007174	+	chr4	9641299	9641775
chr4	85796256	85796263	+	chr4	85855507	85855514
chr4	85797947	85797948	-	chr4	85843150	85843151
chr4	91893564	91893565	-	chr4	91908956	91908957
chr5	45905847	45905850	+	chr5	80360803	80360806
chr5	80357586	80357588	+	chr5	112091015	112091017
chr5	73742284	73742285	-	chr5	112021302	112021303
chr5	18589308	18589311	-	chr5	20562889	20562892
chr5	18586896	18587727	+	chr5	20561179	20562023
chr5	21898771	21898776	-	chr5	21915242	21915247
chr11	49651836	49652590	+	chr11	88727589	88728030
chr6	26670286	26671119	+	chr6	26798804	26799265
chr6	37417126	37417132	+	chr6	37436627	37436633
chr8	32875639	32875644	+	chr8	32887664	32887669
chr7	105976321	105976322	+	chr7	131695258	131695259
chr7	48262951	48262954	+	chr7	50346930	50346933
chr7	50466962	50466968	-	chr7	53459885	53459891
chr7	50303310	50303312	-	chr7	50355939	50355941
chr7	52671507	52671511	+	chr7	52684118	52684122
chr7	53558013	53558015	+	chr7	53788826	53788828
chr20	14841971	14841972	+	chr20	15110954	15110955
chr9	22342722	22342725	-	chr9	24685391	24685394
chr8	5394477	5394480	+	chr8	5775226	5775229
